Workbook

Sheet raw_csat
A1: data_atendimento | B1: canal | C1: avaliacao_csat | D1: status_resolucao | E1: tempo_atendimento_min
A2: 45671 | B2: Telefone | C2: 5 | D2: Resolvido | E2: 11
A3: 45667 | B3: WhatsApp | C3: 3 | D3: Resolvido | E3: 33
A4: 45674 | B4: WhatsApp | C4: 5 | D4: Não Resolvido | E4: 26
A5: 45677 | B5: Telefone | C5: 1 | D5: Resolvido | E5: 13
A6: 45681 | B6: Chat | C6: 4 | D6: Resolvido | E6: 33
A7: 45667 | B7: Chat | C7: 1 | D7: Não Resolvido | E7: 39
A8: 45686 | B8: E-mail | C8: 5 | D8: Não Resolvido | E8: 7
A9: 45676 | B9: Chat | C9: 4 | D9: Resolvido | E9: 10
A10: 45658 | B10: Chat | C10: 3 | D10: Não Resolvido | E10: 27
A11: 45686 | B11: Chat | C11: 4 | D11: Resolvido | E11: 22
A12: 45678 | B12: Chat | C12: 3 | D12: Resolvido | E12: 26
A13: 45666 | B13: E-mail | C13: 2 | D13: Não Resolvido | E13: 15
... A301: 45664 | B301: E-mail | C301: 1 | D301: Não Resolvido | E301: 17

Sheet processed_csat
A1: Data | B1: Canal | C1: CSAT | D1: CSAT Positivo | E1: Tempo Atendimento (min) | F1: Faixa de Tempo
A2: =raw_csat!A2 -> 45671 | B2: =raw_csat!B2 -> Telefone | C2: =raw_csat!C2 -> 5 | D2: =IF(raw_csat!C2>=4,1,0) -> 1 | E2: =raw_csat!E2 -> 11 | F2: =IF(E2<=5,"Até 5 min",IF(E2<=10,"6 a 10 min",IF(E2<=20,"11 a 20 min","Acima de 20 min"))) -> 11 a 20 min
A3: =raw_csat!A3 -> 45667 | B3: =raw_csat!B3 -> WhatsApp | C3: =raw_csat!C3 -> 3 | D3: =IF(raw_csat!C3>=4,1,0) -> 0 | E3: =raw_csat!E3 -> 33 | F3: =IF(E3<=5,"Até 5 min",IF(E3<=10,"6 a 10 min",IF(E3<=20,"11 a 20 min","Acima de 20 min"))) -> Acima de 20 min
A4: =raw_csat!A4 -> 45674 | B4: =raw_csat!B4 -> WhatsApp | C4: =raw_csat!C4 -> 5 | D4: =IF(raw_csat!C4>=4,1,0) -> 1 | E4: =raw_csat!E4 -> 26 | F4: =IF(E4<=5,"Até 5 min",IF(E4<=10,"6 a 10 min",IF(E4<=20,"11 a 20 min","Acima de 20 min"))) -> Acima de 20 min
A5: =raw_csat!A5 -> 45677 | B5: =raw_csat!B5 -> Telefone | C5: =raw_csat!C5 -> 1 | D5: =IF(raw_csat!C5>=4,1,0) -> 0 | E5: =raw_csat!E5 -> 13 | F5: =IF(E5<=5,"Até 5 min",IF(E5<=10,"6 a 10 min",IF(E5<=20,"11 a 20 min","Acima de 20 min"))) -> 11 a 20 min
A6: =raw_csat!A6 -> 45681 | B6: =raw_csat!B6 -> Chat | C6: =raw_csat!C6 -> 4 | D6: =IF(raw_csat!C6>=4,1,0) -> 1 | E6: =raw_csat!E6 -> 33 | F6: =IF(E6<=5,"Até 5 min",IF(E6<=10,"6 a 10 min",IF(E6<=20,"11 a 20 min","Acima de 20 min"))) -> Acima de 20 min
A7: =raw_csat!A7 -> 45667 | B7: =raw_csat!B7 -> Chat | C7: =raw_csat!C7 -> 1 | D7: =IF(raw_csat!C7>=4,1,0) -> 0 | E7: =raw_csat!E7 -> 39 | F7: =IF(E7<=5,"Até 5 min",IF(E7<=10,"6 a 10 min",IF(E7<=20,"11 a 20 min","Acima de 20 min"))) -> Acima de 20 min
A8: =raw_csat!A8 -> 45686 | B8: =raw_csat!B8 -> E-mail | C8: =raw_csat!C8 -> 5 | D8: =IF(raw_csat!C8>=4,1,0) -> 1 | E8: =raw_csat!E8 -> 7 | F8: =IF(E8<=5,"Até 5 min",IF(E8<=10,"6 a 10 min",IF(E8<=20,"11 a 20 min","Acima de 20 min"))) -> 6 a 10 min
A9: =raw_csat!A9 -> 45676 | B9: =raw_csat!B9 -> Chat | C9: =raw_csat!C9 -> 4 | D9: =IF(raw_csat!C9>=4,1,0) -> 1 | E9: =raw_csat!E9 -> 10 | F9: =IF(E9<=5,"Até 5 min",IF(E9<=10,"6 a 10 min",IF(E9<=20,"11 a 20 min","Acima de 20 min"))) -> 6 a 10 min
A10: =raw_csat!A10 -> 45658 | B10: =raw_csat!B10 -> Chat | C10: =raw_csat!C10 -> 3 | D10: =IF(raw_csat!C10>=4,1,0) -> 0 | E10: =raw_csat!E10 -> 27 | F10: =IF(E10<=5,"Até 5 min",IF(E10<=10,"6 a 10 min",IF(E10<=20,"11 a 20 min","Acima de 20 min"))) -> Acima de 20 min
A11: =raw_csat!A11 -> 45686 | B11: =raw_csat!B11 -> Chat | C11: =raw_csat!C11 -> 4 | D11: =IF(raw_csat!C11>=4,1,0) -> 1 | E11: =raw_csat!E11 -> 22 | F11: =IF(E11<=5,"Até 5 min",IF(E11<=10,"6 a 10 min",IF(E11<=20,"11 a 20 min","Acima de 20 min"))) -> Acima de 20 min
A12: =raw_csat!A12 -> 45678 | B12: =raw_csat!B12 -> Chat | C12: =raw_csat!C12 -> 3 | D12: =IF(raw_csat!C12>=4,1,0) -> 0 | E12: =raw_csat!E12 -> 26 | F12: =IF(E12<=5,"Até 5 min",IF(E12<=10,"6 a 10 min",IF(E12<=20,"11 a 20 min","Acima de 20 min"))) -> Acima de 20 min
A13: =raw_csat!A13 -> 45666 | B13: =raw_csat!B13 -> E-mail | C13: =raw_csat!C13 -> 2 | D13: =IF(raw_csat!C13>=4,1,0) -> 0 | E13: =raw_csat!E13 -> 15 | F13: =IF(E13<=5,"Até 5 min",IF(E13<=10,"6 a 10 min",IF(E13<=20,"11 a 20 min","Acima de 20 min"))) -> 11 a 20 min
... A301: =raw_csat!A301 -> 45664 | B301: =raw_csat!B301 -> E-mail | C301: =raw_csat!C301 -> 1 | D301: =IF(raw_csat!C301>=4,1,0) -> 0 | E301: =raw_csat!E301 -> 17 | F301: =IF(E301<=5,"Até 5 min",IF(E301<=10,"6 a 10 min",IF(E301<=20,"11 a 20 min","Acima de 20 min"))) -> 11 a 20 min

Sheet csat_por_canal
A2: Canal | B2: CSAT médio
A3: Bot | B3: 3
A4: Chat | B4: 3
A5: E-mail | B5: 4
A6: Telefone | B6: 3
A7: WhatsApp | B7: 3
A8: Total geral | B8: 3

Sheet metrics
A1: CSAT médio do período | B1: CSAT positivo | C1: Total de atendimentos
A2: =AVERAGE(processed_csat!C:C) -> 3.1 | B2: =SUM(processed_csat!D:D)/COUNTA(processed_csat!C:C) -> 0.43189369 | C2: =COUNTA(processed_csat!C:C) -> 301

Sheet csat_por_data
A1: Data | B1: CSAT médio
A2: 45658 | B2: 3.5
A3: 45659 | B3: 3.5
A4: 45660 | B4: 3
A5: 45661 | B5: 3
A6: 45662 | B6: 3.5
A7: 45663 | B7: 2.5
A8: 45664 | B8: 4
A9: 45665 | B9: 2
A10: 45666 | B10: 2
A11: 45667 | B11: 3
A12: 45668 | B12: 3
A13: 45669 | B13: 3.5
... A31: 45687 | B31: 3.5
A32: Total geral | B32: 3

Sheet tempo_vs_csat
B2: Faixa de Tempo | C2: CSAT médio | D2: Total de Atendimentos
B3: Até 5 min | C3: 2.5 | D3: 24
B4: Acima de 20 min | C4: 3 | D4: 153
B5: 6 a 10 min | C5: 3 | D5: 45
B6: 11 a 20 min | C6: 3 | D6: 78
B7: Total geral | C7: 3 | D7: 300
